chapter_no,verse_no,question,answer
1,1,Why does Dhritarashtra ask Sanjaya to describe the battlefield?,"Dhritarashtra is blind, both physically and symbolically — representing ignorance. He wants Sanjaya to narrate what is happening because he is anxious about the outcome of the war and whether his sons (Kauravas) will win."
1,1,What is the significance of Kurukshetra being described as 'sacred soil' in the verse?,"Kurukshetra is referred to as 'sacred soil' because it is not only a battleground but also a place of great spiritual and religious significance, believed to be a dharmic land where righteous decisions are made."
1,1,Why does Dhritarashtra refer to Kurukshetra as 'Dharmakshetra' in his query to Sanjaya?,Dhritarashtra refers to Kurukshetra as 'Dharmakshetra' because he is aware of its spiritual importance. It underscores his concern about the righteousness of the battle and the potential consequences for his sons and the Pandavas.
1,1,"In Chapter 1, Verse 1, what does Dhritarashtra's question to Sanjaya reveal about his state of mind?",Dhritarashtra's question reveals his anxiety and curiosity about the battle's events. His reference to 'my children and the children of Pandu' suggests his concern for the outcome and the fate of both parties involved.
1,1,What is Dhritarashtra anxious to know about the events at Kurukshetra?,"Dhritarashtra is anxious to know what actions both his sons and the sons of Pandu took when gathered on the battlefield, reflecting his deep concern over the impending conflict and its implications."
1,2,"In Chapter 1, Verse 2, who is the speaker describing Duryodhana's actions?",The speaker in this verse is Sanjaya. He is describing the actions of King Duryodhana as he observes the Pandavas' army and approaches Dronacarya to speak.
1,2,What did Duryodhana see that prompted him to speak to Dronacarya?,Duryodhana saw the Pandavas' army arrayed for battle. This sight prompted him to approach Dronacarya and speak.
1,2,How is the Pandavas' army described in the verse?,"The Pandavas' army is described as being drawn up for battle, indicating that they were strategically arranged and ready for combat."
1,2,Why might Duryodhana approach Dronacarya upon seeing the Pandavas' army?,"Duryodhana likely approached Dronacarya because he was concerned or seeking guidance about the battle strategy. Dronacarya, being his teacher and a respected military leader, would be someone whose counsel Duryodhana valued in the face of the formidable Pandavas' army."
1,2,What does Duryodhana's reaction to the Pandavas' army reveal about his character?,"Duryodhana's immediate reaction to consult with Dronacarya suggests that he is a cautious and strategic thinker. It indicates that he respects wisdom and experience, especially in military matters, and is aware of the seriousness of the battle ahead. This reflects a blend of respect and strategic foresight in his character."
1,3,"In Chapter 1, Verse 3, who is being addressed as 'Master'?","The 'Master' being addressed in this verse is Drona, the teacher of both the Kauravas and the Pandavas."
1,3,Who is described as the talented pupil in this teaching on Behold?,"Dhrstadyumna, the son of Drupada, is described as the talented pupil in this verse."
1,3,What is the significance of the 'mighty army' mentioned in the verse?,"The 'mighty army' refers to the formidable military formation of the Pandavas, organized and prepared for battle by Dhrstadyumna. This highlights the strategic preparation and strength of the Pandava forces."
1,3,Why is Dhrstadyumna's role emphasized in this teaching on Behold?,"Dhrstadyumna's role is emphasized to highlight his strategic acumen and capability as a leader. Despite being a student of Drona, he stands against his own teacher, showcasing the complexities of loyalty and duty in the battle."
1,3,What does the verse imply about the relationship between Drona and Dhrstadyumna?,"The verse implies a complex relationship where Dhrstadyumna, though a pupil of Drona, is now commanding an army against him. It underscores the theme of duty over personal ties and the inevitable conflicts that arise in war."
1,4,who are described as mighty archers?,"In this verse, Yuyudhana, Virata, and Drupada are described as mighty archers. They are considered equal in battle to Bhima and Arjuna, highlighting their prowess and skill in warfare."
1,4,Which warriors are mentioned as maharathis in this teaching on Arjuna?,"The warriors mentioned as maharathis in this verse are Yuyudhana, Virata, and Drupada. Maharathi refers to a great charioteer who can fight against numerous opponents."
1,4,Why are Bhima and Arjuna used as a comparison for the warriors?,"Bhima and Arjuna are used as a benchmark for comparison because they are legendary warriors known for their exceptional strength and skill in battle. By comparing Yuyudhana, Virata, and Drupada to them, the verse emphasizes their remarkable abilities and valor."
1,4,"In Chapter 1, Verse 4, who is listing these mighty warriors?","In this verse, it is Duryodhana who is listing these mighty warriors. He is addressing his teacher, Droṇa, and highlighting the strength of his own army by mentioning these great fighters."
1,4,"In Chapter 1, Verse 4, what does the term 'maharathis' signify in this context?","In this context, 'maharathis' refers to warriors who are exceptionally skilled and capable of handling many opponents simultaneously. This term is used to convey the high level of expertise and valor possessed by Yuyudhana, Virata, and Drupada."
1,5,who are the warriors mentioned along with the king of Kasi?,"The warriors mentioned are Dhrstaketu, Chekitana, Purujit, Kuntibhoja, and Shaibya."
1,5,How is the king of Kasi described in this teaching on Dhrstaketu?,"The king of Kasi is described as valiant, indicating his bravery and strength in battle."
1,5,Why might the verse emphasize the valor of the king of Kasi and others?,"The emphasis on valor serves to highlight the strength and capability of the warriors assembled, underscoring the formidable nature of the army."
1,5,"In Chapter 1, Verse 5, who is referred to as 'the best of men' in this teaching on Dhrstaketu?","Shaibya is referred to as 'the best of men,' suggesting his distinguished character and leadership."
1,5,"In Chapter 1, Verse 5, what significance do names like Dhrstaketu and Chekitana hold in the context of this teaching on Dhrstaketu?","Names like Dhrstaketu and Chekitana signify the diverse and powerful allies gathered for the battle, each bringing unique strengths and valor."
1,6,"In Chapter 1, Verse 6, who are described as Maharathis?","The verse describes Yudhamanyu, the mighty Uttamauja, Abhimanyu, the son of Subhadra, and the five sons of Draupadi as Maharathis. A Maharathi is a great warrior chief capable of fighting multiple opponents simultaneously."
1,6,"What does the term 'Maharathi' imply about the warriors mentioned, such as Yudhamanyu and Abhimanyu?","The term 'Maharathi' implies that these warriors, including Yudhamanyu and Abhimanyu, are exceptionally skilled and powerful. It suggests they are capable of great feats in battle and hold a significant position due to their prowess and bravery."
1,6,"Who is Abhimanyu, as mentioned in the verse?","Abhimanyu is described as the son of Subhadra. He is one of the warriors listed among the Maharathis, indicating his valor and skill in battle."
1,6,"In Chapter 1, Verse 6, why are the sons of Draupadi mentioned with great warriors like Yudhamanyu?","The sons of Draupadi are mentioned alongside great warriors like Yudhamanyu to highlight their status as Maharathis. This attribution emphasizes their capabilities and importance in the battle, underscoring the strength and unity of the forces."
1,6,How can the concept of being a 'Maharathi' inspire personal growth in one's life?,"Being a 'Maharathi' symbolizes excellence, dedication, and the ability to face challenges with skill and courage. In life, this concept can inspire individuals to cultivate mastery in their endeavors, strive for excellence, and face difficulties with determination and bravery."
1,7,who is referred to as 'O best of Brahmanas'?,"In this verse, 'O best of Brahmanas' refers to Droṇa, the teacher and commander in the Kurukshetra war. Duryodhana is addressing him with respect as he begins to list the key warriors in his army."
1,7,what is Duryodhana doing in this teaching on Brahmanas when he mentions 'the commanders of my army'?,"In this verse, Duryodhana is addressing Droṇa and highlighting the prominent leaders of his army. He is about to list the key warriors to emphasize the strength and preparedness of his forces in the battle."
1,7,"In Chapter 1, Verse 7, who does Duryodhana refer to when he says 'the commanders of my army'?",Duryodhana is referring to the key leaders and distinguished warriors in his army. He is acknowledging those who hold significant command positions and are crucial to his battle strategy.
1,7,Why does Duryodhana feel the need to list the 'commanders' of his army to Droṇa?,"Duryodhana lists the commanders to Droṇa as a strategic move to exhibit confidence and assure Droṇa of the formidable strength of his army. It is also a way to remind Droṇa of the powerful allies they have, perhaps to boost morale and affirm their readiness for battle."
1,7,"In Chapter 1, Verse 7, how does the act of naming 'distinguished' warriors reflect the theme of ego and pride in the context of the Mahabharata?","The act of naming distinguished warriors demonstrates Duryodhana's pride in his army and his desire to showcase power. It reflects the theme of ego, as Duryodhana seeks validation and assurance in numbers and might, rather than righteousness or justice. This highlights the contrast between material strength and spiritual wisdom, a recurring theme in the Mahabharata."
1,8,Who are some of the key warriors mentioned alongside Bhisma in this teaching on Yourself?,"The key warriors mentioned alongside Bhisma in this verse are Karna, Kripa, Asvatthama, Vikarna, and Bhurisrava."
1,8,What is the significance of Kripa being described as 'ever victorious in battle'?,Kripa being described as 'ever victorious in battle' highlights his expertise and success in warfare. It emphasizes his reputation as a formidable warrior and suggests that he is a key asset to the Kaurava army. This description serves to instill confidence in their strength and capability.
1,8,What might be the reason for Duryodhana mentioning warriors like Asvatthama and Vikarna?,"Duryodhana mentions warriors like Asvatthama and Vikarna to emphasize the strength and diversity of his army. By naming these warriors, he reassures himself and his allies of the formidable support they have, showcasing a balanced mix of experience and youthful vigor in their ranks."
1,8,"In Chapter 1, Verse 8, who is the speaker addressing, and what is the purpose of this enumeration?","In this verse, Duryodhana is addressing his teacher, Dronacharya. The purpose of enumerating these warriors is to assure Dronacharya of the powerful and skilled allies they have on their side, boosting morale and confidence in their ability to win the battle."
1,8,"What does the inclusion of Bhurisrava, the son of Somadatta, indicate about the alliances in the Kurukshetra war?","The inclusion of Bhurisrava, the son of Somadatta, indicates that the Kauravas had strong alliances with prominent families and warriors. It underscores the extensive network of support and loyalty they commanded, which was crucial in amassing a powerful force against the Pandavas."
1,9,"In Chapter 1, Verse 9, who are staking their lives and why?","In this verse, Duryodhana is speaking about the valiant warriors on his side who are willing to sacrifice their lives for him. These warriors are highly skilled and prepared to fight, demonstrating their loyalty and commitment to his cause."
1,9,What does Duryodhana say about the skills of the warriors in this verse?,"Duryodhana describes the warriors as skilled in warfare, equipped with various weapons and missiles. He emphasizes their readiness and capability in battle, highlighting their expertise and the diverse arms they possess."
1,9,What phrase does Duryodhana use to describe the warriors' readiness to fight for him?,"Duryodhana uses the phrase 'staked their lives for me' to describe the warriors' readiness to fight for him, indicating their willingness to sacrifice everything for his cause."
1,9,Why does Duryodhana focus on the warriors' skills and readiness in this verse?,"Duryodhana focuses on the warriors' skills and readiness to boost confidence in his army and to underscore the strength of his forces. By highlighting their expertise and dedication, he aims to reassure himself and others of their advantage in the looming battle."
1,9,What can be learned about loyalty and sacrifice from the warriors described in this verse?,"The warriors' willingness to stake their lives for Duryodhana illustrates the themes of loyalty and sacrifice. It shows the depth of commitment they have to their leader and cause, raising questions about the nature of duty, allegiance, and the personal cost of war."
1,10,"In Chapter 1, Verse 10, who is described as protecting Duryodhana's army?","Duryodhana's army is described as being fully protected by Bhisma. He is considered a great warrior and a significant asset to their forces, which makes the army seem unconquerable."
1,10,Why does Duryodhana believe his army is unconquerable in this teaching on This?,"Duryodhana believes his army is unconquerable because it is protected by Bhisma, who is a legendary warrior and highly revered commander. His confidence stems from Bhisma's experience and prowess in battle, which he thinks will secure victory."
1,10,Who is guarding the army that is described as easy to conquer?,"The army described as easy to conquer is guarded by Bhima. Despite Bhima's strength, Duryodhana perceives his own army as superior due to Bhisma's protection."
1,10,How does Duryodhana contrast the protection of the two armies in this teaching on This?,"Duryodhana contrasts the two armies by stating that his own is fully protected by Bhisma, making it unconquerable. In contrast, he claims the opposing army, though guarded by Bhima, is easy to conquer. This reflects his confidence in Bhisma's abilities over Bhima's."
1,10,What does this teaching on This suggest about reliance on individual strength in battle?,"This verse suggests that reliance on individual strength, such as that of Bhisma or Bhima, can greatly influence perceptions of power and confidence in battle. It highlights the importance of key individuals in warfare and the psychological impact their presence has on the morale and strategy of their respective armies."
1,11,what is the main instruction given by Duryodhana to his warriors?,Duryodhana instructs his warriors to remain stationed in their respective positions and to protect Bhisma on all sides. This highlights the strategic importance he places on Bhisma's safety in the battle.
1,11,Why does Duryodhana emphasize the protection of Bhisma in the battle?,Duryodhana emphasizes protecting Bhisma because he is the commander of the Kaurava army and a key figure in the battle. Bhisma's survival is crucial for maintaining morale and leadership among the Kaurava forces.
1,11,What specific command does Duryodhana give regarding the positions of his warriors?,Duryodhana commands his warriors to remain in their respective positions. This strategic placement is intended to ensure an organized defense and maximized protection for Bhisma.
1,11,"In Chapter 1, Verse 11, what does the directive to protect Bhisma on all sides signify in the context of the battle?",The directive to protect Bhisma on all sides signifies the high value placed on his leadership and the need to safeguard him against any attack. It reflects Bhisma's pivotal role in the Kaurava strategy and the dependence of their army's morale on his presence.
1,11,"In Chapter 1, Verse 11, who is responsible for giving the command to protect Bhisma in this teaching on Therefore?","The command to protect Bhisma is given by Duryodhana, the leader of the Kauravas. He addresses his warriors, emphasizing the importance of Bhisma's safety in the upcoming battle."
1,12,"In Chapter 1, Verse 12, who is described as the 'grand old man of the Kaurava race'?","The 'grand old man of the Kaurava race' refers to Bhishma, who is the grand-uncle of the Kauravas."
1,12,What action does Bhishma perform to cheer up Duryodhana?,"To cheer up Duryodhana, Bhishma roars like a lion and blows his conch, displaying his formidable presence and support."
1,12,Why does Bhishma blow his conch in this teaching on Kaurava?,"Bhishma blows his conch to boost the morale of Duryodhana and the Kaurava army, signaling his readiness and vigor for the battle ahead."
1,12,What is the effect of Bhishma's actions on Duryodhana?,"Bhishma's roaring and blowing of the conch fills Duryodhana's heart with joy and encouragement, strengthening his resolve."
1,12,How can Bhishma's act of blowing the conch be seen as a symbol of leadership?,"Bhishma's act of blowing the conch is a symbol of leadership as it demonstrates his authority, confidence, and ability to inspire his troops. It reflects the importance of strong leadership in rallying and motivating people during challenging times."
1,13,"In Chapter 1, Verse 13, what instruments are mentioned that contribute to the tumultuous noise?","The verse mentions conches, kettledrums, tabors, drums, and trumpets. These instruments collectively create a loud and tumultuous noise, indicating the preparation and intensity of the battlefield scene."
1,13,Why does the verse describe the sound of instruments as 'tumultuous'?,"Describing the sound as 'tumultuous' conveys the chaos and intensity of the battlefield atmosphere. It underscores the heightened emotions and the readiness for battle among the warriors, setting the stage for the impending conflict."
1,13,What action occurs with the instruments in Verse 13?,"The verse describes that the conches, kettledrums, tabors, drums, and trumpets suddenly blared forth. This action signifies the commencement of the battle preparations, with a loud and overwhelming sound."
1,13,"In Chapter 1, Verse 13, who is responsible for creating the tumultuous noise?","The tumultuous noise is created by various musicians or warriors playing the conches, kettledrums, tabors, drums, and trumpets. Although the verse does not specify individuals, it implies a collective effort to signal readiness for battle."
1,13,What does the sudden blaring of instruments symbolize in this teaching on Then?,"The sudden blaring of instruments symbolizes the urgency and readiness for battle. It acts as a call to arms, energizing the warriors and marking the transition from preparation to action, reflecting the intensity and seriousness of the situation."
1,14,who were seated in the chariot drawn by white horses?,Sri Krishna and Arjuna were seated in the chariot drawn by white horses.
1,14,What is significant about the chariot mentioned in the verse?,"The chariot is described as glorious and drawn by white horses, symbolizing purity and divine favor. It highlights the grandeur and divine support for Sri Krishna and Arjuna."
1,14,Why did Krishna and Arjuna blow their celestial conches in this teaching on Arjuna?,Krishna and Arjuna blew their celestial conches as a declaration of readiness and as a powerful sound to uplift their own troops while striking fear into the hearts of their opponents. It symbolizes the commencement of the battle.
1,14,"In Chapter 1, Verse 14, who is referred to as 'Madhava' in the verse?","'Madhava' refers to Sri Krishna in the verse. It is one of his many names, highlighting his divine nature and association with the goddess of fortune."
1,14,"In Chapter 1, Verse 14, what does the act of blowing celestial conches represent in the context of the Mahabharata?",Blowing celestial conches represents the beginning of the battle and serves as a call to action. It is a traditional war cry meant to inspire the warriors and signify divine support and presence on the battlefield.
1,15,Which conch does Sri Krishna blow in this teaching on Arjuna?,Sri Krishna blows the conch named Pañcajanya.
1,15,"In Chapter 1, Verse 15, how are the actions of the Pandavas described before the battle begins?","In this verse, the Pandavas are described as blowing their respective conchs. Sri Krishna, Arjuna, and Bhima each sound their distinct conchs, signaling their readiness and intent to engage in the battle."
1,15,What is the significance of Bhima being referred to as 'Bhima of terrible deeds' in relation to his actions?,"Referring to Bhima as 'Bhima of terrible deeds' highlights his prowess and formidable nature as a warrior. It suggests that his actions in battle are powerful and feared by his enemies, thus emphasizing the strength and intensity he brings to the battlefield."
1,15,"In Chapter 1, Verse 15, who is attributed with the blowing of the conch named Devadatta?","In this verse, Arjuna is attributed with blowing the conch named Devadatta."
1,15,"Why might the act of blowing conchs by warriors like Krishna, Arjuna, and Bhima be seen as more than just a physical action?","The act of blowing conchs by warriors like Krishna, Arjuna, and Bhima can symbolize the call to duty and the readiness to fulfill one's dharma. It represents a moment of resolve and the declaration of one's intentions and commitment to the righteous cause, beyond just a physical preparation for battle."
1,16,"In Chapter 1, Verse 16, who are the individuals mentioned as blowing conches?","The verse mentions King Yudhisthira, the son of Kunti, along with his brothers Nakula and Sahadeva. Yudhisthira blew his conch named Anantavijaya, while Nakula and Sahadeva blew theirs, called Sughosa and Manipuspaka, respectively."
1,16,What are the names of the conches blown by Nakula and Sahadeva?,"Nakula and Sahadeva blew conches named Sughosa and Manipuspaka, respectively."
1,16,Why is it significant that Yudhisthira's conch is named Anantavijaya?,"The name 'Anantavijaya' means 'eternal victory'. This reflects Yudhisthira’s righteous character and his commitment to dharma, suggesting that his actions are aligned with eternal principles, aiming for ultimate success and moral victory."
1,16,"In Chapter 1, Verse 16, what does the act of blowing conches by Yudhisthira, Nakula, and Sahadeva symbolize in this context?","The blowing of conches by Yudhisthira, Nakula, and Sahadeva symbolizes the declaration of war and readiness for battle. It also serves as a way to boost the morale of their troops and assert their presence on the battlefield."
1,16,How does the sound of the conches relate to the broader themes of the Bhagavad Gita?,"The sound of the conches represents the call to duty and the commencement of righteous action, which are key themes in the Bhagavad Gita. It emphasizes that one must perform their duty with determination and clarity, regardless of the challenges ahead."
1,17,who is described as the excellent archer?,The excellent archer referred to in this verse is the King of Kasi. He is recognized for his exceptional skills with the bow.
1,17,What is Sikhandi described as in this teaching on King?,"Sikhandi is described as a Maharathi, which means a great car-warrior. This title indicates his prowess and significant role in battle."
1,17,What might the mention of figures like Dhṛṣṭadyumna and Virāṭa signify in this teaching on King?,"The mention of Dhṛṣṭadyumna and Virāṭa, along with other warriors, underscores the formidable alliance and strength gathered for the battle. Each is a respected warrior, contributing to the overall might of the army."
1,17,"In Chapter 1, Verse 17, what does the term 'aparajita' signify when referring to Satyaki?","The term 'aparajita' means 'unconquered' or 'undefeated.' It signifies Satyaki's reputation as an invincible warrior, emphasizing his skill and valor in battle."
1,17,"In Chapter 1, Verse 17, why is it important for warriors to be acknowledged by their titles and skills in the context of this teaching on King?","Acknowledging warriors by their titles and skills serves to inspire confidence and morale among allies. It highlights their readiness and capability, reinforcing the sense of unity and strength. Such recognition also serves to intimidate opponents by showcasing the formidable nature of the assembled force."
1,18,"In Chapter 1, Verse 18, who are the individuals mentioned as blowing their conches?","The individuals mentioned are the sons of Drupada and Draupadi, and Abhimanyu, the mighty-armed son of Subhadra."
1,18,What is the significance of blowing conches separately by each warrior in the verse?,"Blowing conches separately signifies the readiness and individual presence of each warrior on the battlefield. It is a declaration of their participation and commitment to the battle ahead, signaling their readiness to fight with valor."
1,18,Why might the verse highlight that each warrior blew their conch separately?,"Highlighting that each warrior blew their conch separately emphasizes their individual importance and identity. It shows that each one is a significant part of the army, contributing their unique strength and spirit to the collective force, yet maintaining their own distinct presence."
1,18,What does the action of blowing conches represent for the sons of Drupada and Abhimanyu?,"The action of blowing conches represents a call to arms and a signal of readiness for battle. For the sons of Drupada and Abhimanyu, it symbolizes courage, determination, and the initiation of their commitment to the cause of upholding dharma on the battlefield."
1,18,How can the act of blowing conches be related to one's own life battles?,"In life, blowing the conch can symbolize announcing one's readiness to face challenges with courage and clarity. It is a reminder to prepare oneself mentally and emotionally for the tasks ahead, signaling inner strength and the willingness to stand firm in the face of adversity."
1,19,"In Chapter 1, Verse 19, what effect did the terrible sound have on Dhritarashtra’s sons?","The terrible sound had a profound impact, as it deeply disturbed the hearts of Dhritarashtra’s sons. This indicates the psychological and emotional turmoil they experienced upon hearing the sound, which amplified their fear and anxiety about the impending battle."
1,19,What two realms echoed with the terrible sound in the verse?,"The terrible sound echoed through both heaven and earth. This emphasizes its overwhelming and all-encompassing nature, symbolizing the immense power and intensity of the situation."
1,19,Why might the sound described in the verse be considered 'terrible' for Dhritarashtra’s sons?,"The sound is considered 'terrible' because it signifies the formidable presence and readiness of the opposing forces. For Dhritarashtra’s sons, it represents the impending doom and the formidable challenge they are about to face, heightening their fear and insecurity."
1,19,What does the phrase 'rent the hearts' suggest about the emotional state of Dhritarashtra’s sons?,"The phrase 'rent the hearts' suggests a deep emotional disturbance and fear among Dhritarashtra’s sons. It implies that the sound shattered their confidence and filled them with dread, highlighting the intense psychological impact of the battle's anticipation."
1,19,How can the reaction of Dhritarashtra’s sons to the sound be seen as a reflection of inner turmoil in challenging situations?,"The reaction of Dhritarashtra’s sons reflects how external challenges can exacerbate inner turmoil. In life, loud and intimidating situations often reveal our deepest fears and insecurities. To overcome such challenges, cultivating inner strength and clarity of mind can help maintain composure and courage."
1,20,what is the significance of Arjuna having the banner of Hanuman on his chariot?,"The banner of Hanuman on Arjuna's chariot symbolizes strength, courage, and divine protection. Hanuman, a revered figure in Hindu mythology, is known for his unwavering devotion and immense power. By having Hanuman's emblem, Arjuna is reminded of these qualities, boosting his morale as he faces the battle ahead."
1,20,"In Chapter 1, Verse 20, who does Arjuna address when he asks to place his chariot between the two armies?","Arjuna addresses Sri Krishna when he requests that his chariot be placed between the two armies. Krishna, serving as Arjuna's charioteer, is asked to position the chariot so that Arjuna can observe both sides more clearly."
1,20,Why does Arjuna want his chariot placed between the two armies?,"Arjuna requests his chariot to be placed between the two armies so he can see his opponents clearly, including friends and family on the opposite side. This positioning allows him to assess the situation better, preparing him mentally for the battle and the difficult choices he faces in this conflict."
1,20,"In Chapter 1, Verse 20, who is referred to as 'the one with the banner of Hanuman'?","In this verse, 'the one with the banner of Hanuman' refers to Arjuna. This title highlights his character and the divine support he has, as represented by Hanuman's presence on his chariot."
1,20,What can we learn about facing challenges from Arjuna's request to Krishna before the battle?,"Arjuna's request to Krishna teaches us the importance of clear vision and understanding before taking action. By asking to place the chariot between the armies, Arjuna seeks a comprehensive view of the battlefield, making a conscious decision to confront his challenges head-on. This approach emphasizes preparation, clarity, and the support of wisdom and guidance when facing life's battles."
1,21,Who is referred to as Hrishikesha in this teaching on Krishna?,"In this verse, Hrishikesha refers to Krishna."
1,21,What request does Arjuna make to Krishna in this teaching on Krishna?,"Arjuna requests Krishna, who is also referred to as Achyuta, to place his chariot in the midst of the armies so that he can observe the warriors assembled for battle."
1,21,Why does Arjuna want his chariot placed in the midst of the armies?,Arjuna wants his chariot placed in the midst of the armies to carefully observe the warriors and identify those with whom he has to engage in battle. This reflects his desire to understand the opposition and prepare mentally for the confrontation.
1,21,"In Chapter 1, Verse 21, who is Arjuna speaking to when he makes his request?","In this verse, Arjuna is speaking to Krishna, who is his charioteer and is addressed as Hrishikesha and Achyuta."
1,21,What does Arjuna's request to observe the warriors indicate about his mindset before the battle?,"Arjuna's request to observe the warriors shows that he is cautious and deliberate. It indicates a mindset of thoroughness and responsibility, as he wants to be fully aware of whom he is fighting against. This also reflects the inner conflict and the seriousness with which he approaches the battle."
1,22,"In Chapter 1, Verse 22, what action does Arjuna want to take before the battle begins?",Arjuna wants to carefully observe the warriors who are drawn up for battle and see with whom he has to engage in the fight.
1,22,How does Arjuna intend to prepare himself before engaging in the battle according to this verse?,"Arjuna intends to prepare himself by observing the warriors who stand ready for battle. He seeks to identify who among them he will have to fight against, indicating his desire for strategic awareness."
1,22,Why does Arjuna want to observe the warriors on the battlefield before fighting?,"Arjuna wants to observe the warriors to assess the opponents he will face in the battle. This reflects his strategic mindset and the importance he places on understanding the enemy before engaging in combat, which is crucial for planning his actions."
1,22,What does Arjuna's request to observe the warriors signify about his state of mind?,"Arjuna's request to observe the warriors signifies his cautious and analytical state of mind. He is not rushing into battle impulsively; instead, he seeks to understand the situation fully, showing his thoughtful and deliberate approach to warfare."
1,22,What can we learn from Arjuna's desire to observe his opponents before battle?,"From Arjuna's desire to observe his opponents, we learn the importance of preparation and understanding in any challenging situation. It teaches us to assess our circumstances carefully and gather necessary information before taking action, highlighting the value of strategic forethought in achieving success."
1,23,"In Chapter 1, Verse 23, what is Arjuna's intention when he says he wants to scan the well-wishers in the battle?","Arjuna's intention to scan the well-wishers indicates his desire to clearly see and evaluate those who have gathered to support Duryodhana in the battle. It shows his conflict and emotional turmoil about fighting against people he knows, respects, or has familial ties with. This reflects his hesitation and the moral dilemma he is facing as he prepares for the battle."
1,23,Who are the 'well-wishers' mentioned by Arjuna in this teaching on Duryodhana?,"The 'well-wishers' referred to by Arjuna are the various kings, princes, and warriors who have joined Duryodhana's side in the battle. These individuals have assembled to support Duryodhana, despite his evil-minded intentions, and are ready to fight against Arjuna and the Pandavas."
1,23,"In Chapter 1, Verse 23, whose perspective is being shared, and what is their main concern?","In this verse, the perspective of Arjuna is being shared. His main concern is to observe and identify those who have aligned with Duryodhana, the evil-minded adversary. Arjuna is conflicted as he prepares to fight against relatives and acquaintances, which is a source of great emotional struggle for him."
1,23,What term does Arjuna use to describe Duryodhana in this teaching on Duryodhana?,"Arjuna uses the term 'evil-minded' to describe Duryodhana in this verse. This reflects Arjuna's view of Duryodhana's intentions and character, as someone who is driven by malice and wrongful desires."
1,23,How can Arjuna's hesitation before battle relate to the concept of duty without attachment?,"Arjuna's hesitation highlights the inner conflict between his duty as a warrior and his emotional attachments to those on the opposing side. The concept of duty without attachment suggests that one should perform their responsibilities without being swayed by personal emotions or biases. Arjuna's struggle is a lesson in focusing on one's dharma, or duty, while maintaining a sense of detachment from personal relationships and emotions."
1,24,who is referred to as Hrishikesha and what action does he take?,"Hrishikesha refers to Lord Krishna. He takes the action of positioning Arjuna's chariot between the two armies, ready for battle. This signifies his role as Arjuna's charioteer and guide."
1,24,What does Gudakesha ask Hrishikesha to do in this teaching on Thus?,"Gudakesha, another name for Arjuna, asks Hrishikesha, Lord Krishna, to place their chariot in the middle of the battlefield between the two armies."
1,24,"In Chapter 1, Verse 24, how is the chariot described in this teaching on Thus, and where is it placed?","The chariot is described as 'the best chariot' and it is stationed in the midst of the armies. This placement is strategic, allowing Arjuna to see both sides and prepare for the battle ahead."
1,24,Why does Arjuna want his chariot placed in the midst of the armies?,"Arjuna wants his chariot placed in the midst of the armies to survey the battlefield and see those gathered to fight. This position allows him to observe both his allies and opponents, helping him understand the scale of the situation he is facing."
1,24,"In Chapter 1, Verse 24, what is the significance of Krishna being referred to as Hrishikesha in this context?","Hrishikesha means 'lord of the senses.' In this context, it highlights Krishna's control over the senses, symbolizing his ability to guide and support Arjuna through the trials of battle. This title reflects his divine wisdom and the trust Arjuna places in him."
1,25,Who are the prominent figures mentioned in Arjuna's statement?,"The prominent figures mentioned are Bhishma and Drona, who are leading all the assembled kings."
1,25,"In Chapter 1, Verse 25, what action does Arjuna take regarding the assembled warriors?","Arjuna points out the assembled warriors to Krishna, asking him to behold the gathered forces led by Bhishma and Drona."
1,25,Why might Arjuna refer to the assembled warriors in front of Bhishma and Drona?,"Arjuna may refer to the assembled warriors to emphasize the formidable nature of the opposing forces, as they are led by respected and powerful figures like Bhishma and Drona."
1,25,"In Chapter 1, Verse 25, who does Arjuna address as 'O son of Kuru' in his statement?",Arjuna addresses Krishna as 'O son of Kuru' when he asks him to look at the assembled warriors.
1,25,What might be the significance of Arjuna asking Krishna to behold the assembled warriors?,"Arjuna asking Krishna to behold the assembled warriors signifies a moment of reflection and assessment of the situation. It highlights the gravity of the battle and the respect for the leaders present, urging Krishna to acknowledge the mighty opponents they face."
1,26,"In Chapter 1, Verse 26, who does Arjuna see in the armies?","Arjuna sees his uncles, grand-uncles, teachers, great grand-uncles, maternal uncles, brothers, cousins, sons, nephews, grand-nephews, friends, fathers-in-law, and well-wishers in both armies."
1,26,How does Arjuna react upon seeing his relatives and well-wishers on the battlefield?,"Arjuna is deeply troubled and emotionally moved when he sees his relatives and well-wishers on the battlefield. The sight fills him with a sense of sorrow and confusion, as he realizes the personal connections with those he might have to fight against."
1,26,Why is the presence of teachers and well-wishers significant to Arjuna in this teaching on Arjuna?,"The presence of teachers and well-wishers is significant because it highlights Arjuna's inner conflict. These are people who have guided and supported him throughout his life, making the prospect of fighting against them particularly distressing and morally complex for him."
1,26,What does Arjuna seeing his family and friends in the armies symbolize?,"Arjuna seeing his family and friends symbolizes the deep personal conflict and the tragic nature of war. It underscores the theme of duty versus personal relationships, illustrating the heart-wrenching choices that individuals must make in times of war."
1,26,How does Arjuna's vision of his family members on the battlefield relate to the concept of duty in the Bhagavad Gita?,"Arjuna's vision presents a moral dilemma where his duty as a warrior conflicts with his affection for his family members. This situation raises philosophical questions about dharma (duty) and the sacrifices one must make for a higher cause, setting the stage for the teachings of the Bhagavad Gita on fulfilling one's duty without attachment."
1,27,"In Chapter 1, Verse 27, who is filled with deep compassion after seeing the relations present?",Arjuna is the one filled with deep compassion after seeing all the relations present on the battlefield.
1,27,"In Chapter 1, Verse 27, how does Arjuna feel when he sees his relatives on the battlefield in Verse 27?",Arjuna feels overwhelmed with deep compassion and sadness when he sees his relatives assembled on the battlefield.
1,27,Why does Arjuna experience deep compassion upon seeing his relatives in Verse 27?,"Arjuna experiences deep compassion because he is confronted with the reality of fighting against his own family and loved ones, which fills him with sorrow and inner conflict."
1,27,What does Arjuna's reaction of deep compassion signify in this teaching on Arjuna?,"Arjuna's reaction of deep compassion signifies his inner turmoil and the profound emotional struggle he faces, highlighting his humanity and moral dilemma about the impending battle."
1,27,What can we learn from Arjuna's response to seeing his relatives in Verse 27?,"Arjuna's response teaches us about the complexity of human emotions and the moral challenges one faces when duty conflicts with personal relationships. It suggests that compassion and empathy are vital, even amidst challenging situations, and encourages us to reflect on our own values and actions."
1,28,"In Chapter 1, Verse 28, why does Arjuna mention his limbs weakening when he sees his kinsmen in battle?",Arjuna's reaction of weakened limbs signifies his deep emotional turmoil and internal conflict. Seeing his own family and friends ready to fight against him causes a physical manifestation of his mental anguish. This highlights the intense personal struggle he faces in reconciling his duty as a warrior with his love and attachment to his family.
1,28,What physical symptoms does Arjuna experience in this teaching on Arjuna?,"Arjuna experiences several physical symptoms: his limbs become weak, his mouth dries up, his body trembles, and he gets goosebumps. These symptoms reflect his acute stress and anxiety upon seeing his relatives prepared for battle, indicating the depth of his emotional disturbance."
1,28,what does Arjuna say about his mouth?,"In this verse, Arjuna mentions that his mouth is drying up. This is one of the physical reactions he experiences as he confronts the reality of potentially fighting his own kinsmen, and it symbolizes his anxiety and distress."
1,28,"In Chapter 1, Verse 28, what does Arjuna's trembling body signify in the context of the battlefield?",Arjuna's trembling body signifies his intense emotional conflict and fear about the impending battle. It shows how the prospect of fighting his own kin overwhelms him with anxiety and reluctance. This tremor is a physical manifestation of his inner moral and ethical struggle.
1,28,How does Arjuna's reaction in this teaching on Arjuna reflect the concept of attachment?,"Arjuna's reaction reflects the concept of attachment as he is deeply connected to his family and friends, who are now his opponents. His physical and emotional turmoil underscores the difficulty of detachment, a key teaching in the Bhagavad Gita. Arjuna's struggle emphasizes the challenge of performing one's duty without being swayed by personal bonds and emotions."
1,29,what physical reactions does Arjuna experience?,"Arjuna experiences several intense physical reactions. His mouth is drying up, indicating extreme stress or anxiety. He also feels his body shivering, which is a common response to fear or tension. Additionally, his hair stands on end, a reaction often associated with strong emotions like fear or awe."
1,29,Why does Arjuna's mouth dry up in this verse?,"Arjuna's mouth drying up is a sign of his extreme anxiety and fear. As he stands on the battlefield of Kurukshetra, he is overwhelmed by the prospect of fighting against his own relatives and teachers. This intense emotional turmoil manifests physically as his mouth becoming dry, a common reaction when someone is under significant stress."
1,29,what does the shivering of Arjuna's body signify in this context?,"The shivering of Arjuna's body signifies his deep inner conflict and fear. As a warrior, he is confronted with the daunting task of fighting those he holds dear. This moral and emotional dilemma causes his body to tremble, reflecting the intensity of his internal struggle and apprehension about the battle ahead."
1,29,"In Chapter 1, Verse 29, how can Arjuna's physical reactions be understood in a broader philosophical context?","Arjuna's physical reactions can be seen as a reflection of the human condition when faced with ethical dilemmas and emotional challenges. In a broader philosophical context, his symptoms symbolize the struggle between duty and emotion, a common theme in life. It highlights how physical manifestations are often linked to our inner moral conflicts and the stress of making difficult decisions."
1,29,"In Chapter 1, Verse 29, who is experiencing the physical symptoms described in this verse?","The physical symptoms described in this verse are being experienced by Arjuna. He is a central character in the Bhagavad Gita, standing on the battlefield of Kurukshetra, deeply troubled by the prospect of fighting in the war. His intense emotional turmoil is evident through the physical reactions he undergoes."
1,30,What is slipping from Arjuna's hand in this teaching on Gandiva?,"The bow, Gandiva, is slipping from Arjuna's hand."
1,30,What physical sensations is Arjuna experiencing in this moment?,Arjuna feels his skin burning all over and experiences a whirling sensation in his mind.
1,30,Why is Arjuna unable to stand according to this teaching on Gandiva?,"Arjuna is unable to stand because he is overwhelmed with physical and mental turmoil, including his bow slipping, skin burning, and a feeling of mental confusion."
1,30,How can Arjuna's experience of mental turmoil be related to moments of crisis in human life?,"Arjuna's mental turmoil reflects the human experience of confusion and helplessness in moments of crisis. Just as Arjuna feels overwhelmed by his emotions and physical sensations, people often struggle to maintain composure and clarity during difficult times. Recognizing these feelings as natural can be the first step in finding balance and seeking solutions."
1,30,"In Chapter 1, Verse 30, what do Arjuna's physical symptoms signify about his state of mind?","Arjuna's physical symptoms, such as the slipping of his bow and his skin burning, signify his intense inner conflict and anxiety. These symptoms reflect his deep reluctance and emotional struggle as he faces the prospect of fighting in the battle."
1,31,"In Chapter 1, Verse 31, who is Arjuna addressing when he speaks about omens of evil?","Arjuna is addressing Kesava, another name for Lord Krishna, when he speaks about omens of evil."
1,31,What does Arjuna see in the omens mentioned in this teaching on Kesava?,"Arjuna sees omens of evil and feels that they are unfavorable, indicating that he foresees negative outcomes from the battle."
1,31,Why does Arjuna not see any good in killing his kinsmen according to this teaching on Kesava?,"Arjuna does not see any good in killing his kinsmen because he is overwhelmed by grief and moral confusion. He questions the righteousness and the ultimate benefit of the battle, feeling that the destruction of his family members will not lead to any lasting good or happiness."
1,31,"In Chapter 1, Verse 31, what is the significance of Arjuna referring to the omens as 'evil' in the context of his dilemma?","The reference to omens as 'evil' signifies Arjuna's inner turmoil and his perception that the battle's consequences will be disastrous. It highlights his moral conflict and fear of the potential destruction and suffering that the war could bring, making him question the morality of his actions."
1,31,How can Arjuna's reluctance to fight his kinsmen relate to the concept of duty versus emotion?,"Arjuna's reluctance to fight his kinsmen illustrates the tension between duty (dharma) and emotion. While his duty as a warrior is to fight and protect righteousness, his emotions are deeply tied to his family, causing him to hesitate. This conflict asks individuals to consider how they balance personal feelings with their responsibilities, a universal dilemma in ethical decision-making."
1,32,who is Arjuna addressing when he speaks of not coveting victory or pleasures?,"Arjuna is addressing Krishna when he expresses that he does not covet victory, kingdom, or pleasures. He refers to Krishna as Govinda, showing both respect and a personal connection."
1,32,Why does Arjuna question the value of kingdom and pleasures in his dialogue with Krishna?,"Arjuna questions the value of kingdom and pleasures because he is in a state of deep inner conflict about the battle. He is overwhelmed by the moral and emotional implications of fighting against his own relatives and teachers, which makes him doubt the worth of material gains like victory and kingdom."
1,32,"In Chapter 1, Verse 32, what philosophical dilemma is Arjuna facing when he says he does not desire victory, kingdom, or pleasures?",Arjuna is facing the dilemma of duty versus desire. He is torn between his duty as a warrior to fight in the battle and his personal emotions and moral values that question the righteousness of such a conflict. This reflects a deeper philosophical struggle about the meaning and purpose of life and actions.
1,32,"What does Arjuna mean by asking 'of what use will kingdom, or luxuries, or even life be to us'?","Arjuna is expressing his disillusionment with material gains in the context of the impending war. He is questioning the true value of these achievements if they come at the cost of immense personal and familial loss. For him, the emotional and ethical cost seems too high, thus rendering these gains meaningless."
1,32,"In Chapter 1, Verse 32, what specific things does Arjuna say he does not covet in his conversation with Krishna?","Arjuna specifically says he does not covet victory, kingdom, or pleasures. He is questioning the purpose and value of these things in light of the forthcoming battle and its consequences."
1,33,why does the speaker mention the people for whom they desire the throne are on the battlefield?,"The speaker is highlighting the internal conflict and emotional turmoil faced by witnessing loved ones and respected individuals, for whom they covet wealth and power, ready to sacrifice themselves in battle. It reveals the futility and cost of war when those you care for are the ones you must fight against."
1,33,what do the people on the battlefield renounce?,"The people on the battlefield have renounced both wealth and life itself. This indicates their readiness to sacrifice everything for the cause they are fighting for, showing their commitment and the gravity of the situation."
1,33,what are the desires mentioned by the speaker in relation to the throne?,"The speaker mentions coveting the throne, luxuries, and pleasures. These desires signify the material and sensual aspirations that are often sought after in life, but are put into perspective by the imminent battle."
1,33,"In Chapter 1, Verse 33, what can one learn about attachment from the speaker's reflection on the battlefield?","The reflection suggests that attachment to material wealth and pleasures can lead to internal conflicts, especially when they are tied to people we care about. Realizing the temporary nature of such attachments and prioritizing higher values can lead to deeper understanding and inner peace."
1,33,"In Chapter 1, Verse 33, who is expressing the sentiment about the desires for the throne and battlefield readiness?","The sentiment is expressed by Arjuna, who is observing the battlefield and reflecting on the deep conflict within him. He sees that those for whom he desires power and pleasure are the very ones he must confront, causing him distress and prompting a reevaluation of his motivations."
1,34,Who are some of the family members mentioned in the battle in this teaching on Teachers?,"The verse mentions teachers, fathers, sons, grandfathers, maternal uncles, fathers-in-law, grandsons, brothers-in-law, and other relatives present in the battle."
1,34,"In Chapter 1, Verse 34, what is the significance of listing family members like teachers and grandfathers?","The listing of family members such as teachers, fathers, and grandfathers highlights the personal and emotional complexity of the battle. These are not just warriors but also loved ones, emphasizing the internal conflict and moral dilemma faced by those on the battlefield."
1,34,Why might the presence of relatives in the battle be troubling for the warriors?,"The presence of relatives in the battle is troubling because it creates a conflict between duty and personal relationships. Warriors are faced with the prospect of fighting against their own family, which challenges their sense of duty and morality, leading to emotional turmoil."
1,34,What does the mention of various relatives in the battle suggest about the nature of the conflict?,The mention of various relatives in the battle suggests that the conflict is deeply personal and affects entire families. It indicates that the war is not just a political or territorial dispute but a profound moral and emotional crisis affecting all involved.
1,34,How does the presence of family members in the battle relate to the concept of duty in the Bhagavad Gita?,"The presence of family members in the battle highlights the Bhagavad Gita's exploration of duty, or 'dharma'. It challenges the warriors, particularly Arjuna, to reconcile their duty as warriors with their love and responsibility towards their family, raising questions about the true nature of duty and righteousness."
1,35,"In Chapter 1, Verse 35, who is referred to as the 'Slayer of Madhu'?",The 'Slayer of Madhu' refers to Lord Krishna. This is a title given to Krishna due to his victory over the demon Madhu. Arjuna addresses Krishna by this title to show respect and reverence.
1,35,"In Chapter 1, Verse 35, what does Arjuna express his unwillingness to do?","Arjuna expresses his unwillingness to kill his relatives, even if it means giving up the chance to rule over the three worlds. He emphasizes that he does not desire earthly power at the cost of familial bloodshed."
1,35,Why does Arjuna mention the 'throne of the three worlds' in his lament?,"Arjuna mentions the 'throne of the three worlds' to highlight the vastness of what he is willing to renounce. He uses this grand metaphor to underscore that not even the ultimate power and dominion over all realms is worth the loss and destruction of his kinsmen, showing his deep conflict and moral dilemma."
1,35,What lesson can be learned from Arjuna's reluctance to fight for earthly lordship?,Arjuna's reluctance teaches the value of compassion and the importance of prioritizing moral and ethical values over material gains. It suggests that true fulfillment does not come from power or possessions but from harmony and righteousness. This reflection encourages individuals to consider the ethical implications of their actions and the true cost of ambition.
1,35,"What does Arjuna's statement about not wanting to kill, even if killed himself, signify?","Arjuna's statement signifies his profound commitment to non-violence and his inner turmoil. It reflects his fear of the karmic consequences of killing his kin and the emptiness he perceives in achieving victory through violence. This highlights his struggle between duty and personal values, revealing the depth of his crisis of conscience."
1,36,"In Chapter 1, Verse 36, who is Arjuna addressing when he expresses concern about slaying the sons of Dhritarashtra?","Arjuna is addressing Krishna, also referred to as Janardana, when he expresses his concern about slaying the sons of Dhritarashtra."
1,36,What sentiment does Arjuna express towards killing the sons of Dhritarashtra in this teaching on Krsna?,Arjuna expresses a sentiment of despair and moral conflict. He questions the happiness that can come from killing the sons of Dhritarashtra and worries that such an act would lead them to sin.
1,36,Why does Arjuna refer to the sons of Dhritarashtra as 'desperadoes'?,"Arjuna refers to the sons of Dhritarashtra as 'desperadoes' because he sees them as aggressors who are unjustly pursuing war. Despite this, he still feels that killing them would result in sin, highlighting his internal struggle with the morality of the battle."
1,36,What is the implication of Arjuna's question about happiness in killing the sons of Dhritarashtra?,"Arjuna's question implies that true happiness cannot be achieved through violence and sin. He is contemplating the moral consequences of his actions and questioning whether the end justifies the means, indicating his deep moral and ethical dilemma."
1,36,How does Arjuna's concern about sin reflect a broader philosophical dilemma in this teaching on Krsna?,"Arjuna's concern about sin reflects the broader philosophical dilemma of duty versus morality. He is caught between his duty as a warrior to fight and his moral compass that warns against killing. This conflict highlights the struggle to balance righteousness with the consequences of one's actions, a central theme in the Bhagavad Gita."
1,37,"In Chapter 1, Verse 37, who does Arjuna refer to as 'sons of Dhritarashtra'?","Arjuna refers to the Kauravas, who are the sons of Dhritarashtra and his kinsmen."
1,37,Why does Arjuna question the happiness resulting from killing his kinsmen?,Arjuna questions the happiness that might come from killing his kinsmen because he feels that material gains or victories cannot compensate for the loss of family and the moral burden of killing relatives. This sentiment reflects his inner conflict and the value he places on familial bonds.
1,37,"In Chapter 1, Verse 37, what is the emotional state of Arjuna in this teaching on Therefore when he addresses Krishna?","In this verse, Arjuna is troubled and filled with moral and emotional dilemmas. He is distressed over the prospect of killing his own relatives in battle, which he believes would not lead to true happiness. His address to Krishna reveals his inner turmoil and the weight of the decision he faces."
1,37,What is the significance of the term 'Madhava' used by Arjuna to address Krishna?,"The term 'Madhava' is a respectful and affectionate name for Krishna, indicating his divine nature and his connection to the goddess of fortune, Lakshmi. By using this name, Arjuna seeks Krishna's guidance and wisdom in resolving his moral dilemma, recognizing Krishna's ability to provide clarity."
1,37,How does Arjuna's reluctance to fight relate to the broader theme of duty in life?,"Arjuna's reluctance to fight highlights the tension between personal emotions and societal duties. The broader theme is about understanding one's dharma, or duty, which may require difficult decisions that align with righteousness, even when they conflict with personal desires. It emphasizes the importance of acting in accordance with one's role and responsibilities, guided by wisdom and ethical principles."
1,38,What does 'minds blinded by greed' imply about the people Arjuna is referring to?,"The phrase 'minds blinded by greed' suggests that these individuals are unable to see the consequences of their actions due to their overwhelming desire for wealth or power. Their judgment is clouded, preventing them from recognizing the moral and societal destruction they are causing."
1,38,"In Chapter 1, Verse 38, what are the consequences Arjuna mentions when he talks about 'destroying their own race'?","Arjuna refers to the grave consequences of destroying one's own race, which include the breakdown of family traditions and societal structures. Such actions lead to chaos and the loss of cultural and moral values that have been upheld by generations."
1,38,What sin is mentioned in connection with 'mitradohe' in the verse?,The term 'mitradohe' refers to the sin of betraying or harming friends. Arjuna highlights this as a significant moral failing that accompanies the destruction of one's own kin and community.
1,38,Why does Arjuna mention that some people do not perceive evil in their actions?,"Arjuna points out that some people, due to their greed, fail to perceive the evil in their actions. Their desires overshadow their sense of right and wrong, leading them to disregard the harm they cause to their own family and community."
1,38,"How does greed affect one's ability to discern right from wrong, as seen in this teaching on Even?","Greed can cloud one's judgment, making it difficult to discern right from wrong. It creates a tunnel vision where the pursuit of personal gain overshadows ethical considerations and the welfare of others. This verse illustrates how greed can lead individuals to ignore the destructive consequences of their actions."
1,39,why is the destruction of one's family considered a sin by Arjuna?,"Arjuna considers the destruction of one's family as a sin because it leads to the breakdown of family traditions and values. This breakdown results in the loss of righteousness and the rise of impiety, which ultimately affects the entire society. Arjuna sees the continuity of family as vital for preserving dharma and societal order."
1,39,what dilemma is Arjuna facing?,"Arjuna is facing a moral dilemma about participating in the battle. He is conflicted because he sees the inevitable destruction of families as a result of war, which he believes will lead to sin and chaos. Despite being a warrior, he is troubled by the ethical implications of his actions, questioning whether it is right to engage in a battle that could harm his own kinsmen and disrupt the family lineage."
1,39,How does the concern for family destruction in Verse 39 relate to the concept of dharma?,"The concern for family destruction is deeply tied to the concept of dharma, which represents duty and moral order. Arjuna fears that the destruction of families will lead to the loss of traditional values and duties that are crucial for maintaining societal order. This loss undermines dharma, leading to chaos and moral decay. Thus, the preservation of family is seen as essential for upholding dharma."
1,39,"In Chapter 1, Verse 39, what does Arjuna mean by 'turning away from this crime' in the context of the verse?","By 'turning away from this crime', Arjuna is expressing his desire to refrain from participating in the battle that would lead to the destruction of families. He sees the act of engaging in the war, which would result in family destruction, as a crime against dharma and righteousness. Arjuna is seeking a path that avoids sin and maintains moral integrity, even if it means not fulfilling his role as a warrior."
1,39,"In Chapter 1, Verse 39, who is Arjuna addressing in Verse 39 and why does he seek guidance?","Arjuna is addressing Lord Krishna in this verse. He seeks guidance from Krishna because he is overwhelmed by the moral and ethical implications of the battle. Arjuna respects Krishna's wisdom and divine insight, hoping that Krishna can provide clarity and direction in resolving his internal conflict regarding his duty and the potential sin of destroying family lineages."
1,40,What is meant by 'age-long family traditions' in this verse?,"The 'age-long family traditions' refer to the customs, values, and practices handed down through generations within a family. These traditions are seen as essential for maintaining the moral and social fabric of a family, ensuring that virtues and ethical living standards are preserved over time."
1,40,How does the destruction of a family lead to vice taking hold according to the verse?,"When a family is destroyed, the longstanding traditions and values that uphold virtue are lost. This loss creates a vacuum where ethical guidelines are absent, making it easier for vice and immoral behaviors to emerge and dominate the family. Without the guiding principles of dharma, adharma or unrighteousness prevails."
1,40,Why is the preservation of family traditions considered important in maintaining virtue?,"Family traditions act as a foundation for instilling values and ethical behavior in individuals. They provide a framework for understanding right from wrong, helping individuals navigate life with a sense of responsibility and righteousness. Their preservation ensures that these virtues are passed down, preventing the rise of chaos and moral decay."
1,40,"In Chapter 1, Verse 40, what happens when 'virtue' is lost?","When virtue is lost, vice begins to take hold of the entire race. The absence of moral and ethical guidelines leads to the prevalence of unrighteousness, which can corrupt the entire family and its future generations, leading to a breakdown of societal norms."
1,40,What is the significance of 'adharma' overtaking a family as mentioned in the verse?,"The overtaking of a family by 'adharma' signifies a shift from righteousness to unrighteousness, leading to moral decay. This shift can have severe consequences not just for the family but also for society, as the loss of ethical standards can lead to chaos, conflict, and the breakdown of social harmony."
1,41,what consequence does Arjuna describe as resulting from the corruption of women?,"Arjuna describes that when women of the family become corrupt due to the prevalence of vice, it leads to the intermixture of castes. This is seen as a significant social and moral disruption in the traditional order."
1,41,"In Chapter 1, Verse 41, who does Arjuna address when he speaks of the corruption of family women and its consequences?","Arjuna addresses Krishna, referring to him as the descendant of Vrsni, when expressing his concerns about the corruption of family women and the resulting intermixture of castes."
1,41,Why does Arjuna emphasize the role of women in maintaining the purity of the family lineage?,"Arjuna emphasizes the role of women because they are seen as the bearers and nurturers of family values and traditions. If they become corrupt, it is believed that the moral values and purity of the family lineage are compromised, leading to societal chaos and loss of dharma."
1,41,"In Chapter 1, Verse 41, what does 'intermixture of castes' signify in the context of Arjuna's concerns?","The 'intermixture of castes' signifies a breakdown in the traditional social order, where established caste boundaries are blurred. This is seen as a threat to the stability and continuity of societal structures and religious practices, which were strictly observed in Arjuna's time."
1,41,How does the concept of 'vice' leading to societal decay relate to broader moral teachings?,"The concept of vice leading to societal decay highlights the importance of dharma, or righteous conduct, in maintaining social harmony. It suggests that moral degradation at an individual level can lead to widespread societal issues, underscoring the interconnectedness of personal ethics and community well-being. This teaching encourages individuals to uphold virtues to prevent collective chaos."
1,42,what is mentioned about the consequences of admixture of blood?,The verse states that admixture of blood leads to the destruction of the race and the damning of both the destroyers and the race itself. It highlights the negative impact on the familial and spiritual lineage due to the loss of traditional practices.
1,42,Why does the verse mention that the manes of the race fall due to being deprived of offerings?,"The verse suggests that traditional offerings, such as Sraddha and Tarpana, are crucial for the well-being of departed ancestors. Without these rituals, the spiritual support and blessings that maintain family harmony and prosperity are lost, leading to a decline in the family’s spiritual and moral standing."
1,42,"In Chapter 1, Verse 42, what does 'lupthapindodakakriya' imply in the context of the verse?","The term 'lupthapindodakakriya' refers to the cessation of essential rituals like offering rice and water to ancestors. This cessation implies a break in the spiritual duties towards one's ancestors, leading to their dissatisfaction and a consequent fall in their spiritual realm."
1,42,How does the concept of family duty reflect on the individual's responsibility in this teaching on Admixture?,"The verse reflects the individual's responsibility to uphold family traditions and rituals as a means of maintaining not just familial harmony but also spiritual continuity. It suggests that personal actions have broader implications on both the living family and the departed ancestors, thus emphasizing the interconnectedness of individual duty and collective well-being."
1,42,"In Chapter 1, Verse 42, who is the speaker conveying the message about the admixture of blood in this teaching on Admixture?","The message in this verse is conveyed by Arjuna. He is expressing his concerns about the consequences of war, particularly how it leads to the breakdown of family structures and the loss of traditional practices, which he fears will have grave spiritual repercussions."
1,43,What are the consequences mentioned in the verse regarding the intermixture of castes?,The verse mentions that the intermixture of castes leads to the extinction of age-long caste traditions and family customs.
1,43,"In Chapter 1, Verse 43, what is the impact of the 'evils' on family customs?","The evils, which bring about the intermixture of castes, lead to the destruction of long-standing family customs and traditions, causing a loss in the social and moral fabric of the family."
1,43,Why does the verse refer to the intermixture of castes as an 'evil'?,The verse refers to the intermixture of castes as an 'evil' because it disrupts the established social order and leads to the loss of traditional values and customs that have been preserved over generations. This disruption is seen as harmful to societal stability and harmony.
1,43,"In Chapter 1, Verse 43, what does 'kula-dharma' refer to in the context of the verse?",'Kula-dharma' refers to the family customs and duties that have been passed down through generations. These are the practices and responsibilities that define the identity and continuity of a family lineage.
1,43,How does the verse highlight the importance of maintaining traditions and customs?,"The verse emphasizes the importance of maintaining traditions and customs by illustrating the negative consequences of their loss. When intermixture of castes occurs, it leads to the extinction of these traditions, which are crucial for maintaining social order and cultural identity. The underlying message is that preserving these customs is essential for the well-being and continuity of society."
1,44,what consequence is mentioned for those who have lost their family traditions?,The verse mentions that men who have lost their family traditions dwell in hell for an indefinite period of time.
1,44,"In Chapter 1, Verse 44, who is being addressed as Janārdana in this teaching on Krsna?","Krishna is being addressed as Janārdana in this verse. Arjuna is speaking to Krishna, expressing his concerns about the consequences of losing family traditions."
1,44,Why does Arjuna mention that people dwell in hell for an indefinite period?,"Arjuna mentions this to emphasize the grave consequences of losing family traditions. He is worried that the destruction of family traditions will lead to moral and spiritual decline, resulting in suffering in hell."
1,44,"In Chapter 1, Verse 44, what does the term 'family traditions' signify in this context?","In this context, 'family traditions' refers to the customs and duties that uphold the moral and social order within a family. These traditions are seen as essential for maintaining righteousness and spiritual well-being."
1,44,How does the fear of dwelling in hell reflect Arjuna's inner conflict?,The fear of dwelling in hell reflects Arjuna's deep moral and ethical dilemma. He is torn between his duty as a warrior and the potential spiritual consequences of his actions. This fear underscores his concern for the broader implications of his decisions on his soul and his family's legacy.
1,45,what emotion does the speaker express when mentioning 'Oh what a pity!'?,"The speaker expresses a deep sense of regret and sorrow. This phrase indicates a lamentation over the actions that are about to be undertaken, recognizing them as sinful despite being aware of their moral implications."
1,45,"In Chapter 1, Verse 45, why does the speaker in the verse consider their actions as 'a great sin'?",The speaker considers their actions as 'a great sin' because they are preparing to kill their own kin out of desire for kingdom and pleasure. This conscious acknowledgment of wrongdoing reflects an internal conflict between desire and moral duty.
1,45,What is meant by 'possessed of intelligence' in the verse?,"The phrase 'possessed of intelligence' means that the speaker and those involved are aware and capable of understanding the consequences of their actions. Despite this awareness, they find themselves entangled in the pursuit of personal gain, highlighting a struggle between wisdom and desire."
1,45,How can one avoid succumbing to 'lust for kingdom and pleasure' as mentioned in the verse?,"To avoid succumbing to such desires, one can practice self-reflection and mindfulness, regularly assessing the alignment of actions with ethical principles. Cultivating detachment and focusing on selfless service can help maintain a balance between desires and duty."
1,45,"In Chapter 1, Verse 45, who is experiencing the internal conflict about committing a sin?","The internal conflict is experienced by Arjuna, a key warrior in the battle. He is troubled by the thought of killing his own relatives and teachers for the sake of power and pleasure, which conflicts with his moral and ethical beliefs."
1,46,"In Chapter 1, Verse 46, who would Arjuna prefer to be killed by in battle?",Arjuna would prefer to be killed by the sons of Dhritarashtra while he is unarmed and unresisting.
1,46,"In Chapter 1, Verse 46, what is Arjuna's state of mind when he says he would rather be killed unarmed?",Arjuna is in a state of deep inner conflict and despair. He feels overwhelmed by the prospect of fighting against his own relatives and is considering the consequences of such an action. His preference to be killed unarmed shows his reluctance to engage in battle and harm his kin.
1,46,Why does Arjuna consider being killed unarmed by the sons of Dhritarashtra to be better?,"Arjuna considers being killed unarmed better because he is deeply distressed about the idea of fighting and killing his own family members. To him, dying without resisting would be preferable to living with the guilt and sorrow of having killed his kin in battle."
1,46,What does Arjuna's willingness to die unresisting suggest about his values?,"Arjuna's willingness to die unresisting suggests that he values peace and familial bonds over victory and honor in battle. It reflects his inner turmoil and the moral dilemma he faces, as he struggles to reconcile his duty as a warrior with his love for his family."
1,46,How does Arjuna's perspective on battle challenge the traditional warrior ethos?,"Arjuna's perspective challenges the traditional warrior ethos, which emphasizes valor, duty, and honor in battle. By preferring to be killed unarmed, he questions the righteousness of war and the moral consequences of violence, highlighting his inner conflict and the broader ethical dilemma of choosing between duty and personal values."
1,47,what action does Arjuna take after speaking to Sanjaya?,"After speaking to Sanjaya, Arjuna sets aside his bow and arrows and sits down on the chariot’s seat, overwhelmed with grief."
1,47,how is Arjuna's state of mind described when he sits on the chariot?,"Arjuna's state of mind is described as overwhelmed with grief when he sits on the chariot, indicating his deep emotional turmoil."
1,47,"In Chapter 1, Verse 47, what might Arjuna's action of setting aside his bow and arrows signify?",Arjuna setting aside his bow and arrows signifies his inner turmoil and reluctance to fight. It reflects his moral and emotional conflict about the battle.
1,47,"In Chapter 1, Verse 47, who is the speaker mentioned in Chapter 1, Verse 47, and what is their role?","The speaker mentioned is Sanjaya, who is narrating the events of the battlefield to King Dhritarashtra. His role is to provide a detailed account of the occurrences during the battle."
1,47,What does Arjuna's grief in this teaching on Sanjaya teach us about handling difficult decisions?,"Arjuna's grief teaches us that even the strongest can feel overwhelmed by difficult decisions. It reminds us of the importance of addressing our emotions, seeking clarity, and aligning our actions with our values before proceeding."
2,1,"In Chapter 2, Verse 1, who is described as speaking to Arjuna?","In this verse, it is Sri Krishna, also known as Madhusudana, who is about to speak to Arjuna. Sanjaya is narrating this scene."
2,1,What is the state of Arjuna's eyes as described by Sanjaya?,"Sanjaya describes Arjuna's eyes as being filled with tears and agitated, indicating his deep sorrow and emotional turmoil."
2,1,How does Sanjaya describe Arjuna's emotional state before Krishna speaks?,"Sanjaya describes Arjuna as being overwhelmed with pity and full of sorrow. His eyes are filled with tears, which shows his emotional vulnerability and distress."
2,1,Why might Arjuna be described as 'full of sorrow' at this point in the dialogue?,"Arjuna is described as 'full of sorrow' because he is conflicted about fighting in the battle, which involves confronting his own family and teachers. This internal conflict deeply troubles him, filling him with compassion and doubt."
2,1,"In Chapter 2, Verse 1, what significance does the title 'Madhusudana' have when referring to Krishna in this teaching on Sanjaya?","The title 'Madhusudana' refers to Krishna as the slayer of the demon Madhu. It signifies Krishna's role as a divine protector and destroyer of evil, emphasizing his capability to guide Arjuna through his emotional turmoil."
2,2,"In Chapter 2, Verse 2, who addresses Arjuna and questions his state of mind?","In this verse, it is Sri Bhagavan, or Lord Krishna, who addresses Arjuna and questions his state of mind."
2,2,Why does Krishna refer to Arjuna's state as 'infatuation' at this critical moment?,"Krishna refers to Arjuna's state as 'infatuation' because Arjuna is overwhelmed by emotions and confusion, which are clouding his judgment. At a time when clarity and courage are needed, Arjuna is swayed by doubts and attachments, preventing him from fulfilling his duty."
2,2,What are the consequences mentioned for the infatuation that has overtaken Arjuna?,"The consequences of Arjuna's infatuation, as mentioned by Krishna, include it being shunned by noble souls. It will neither lead Arjuna to heaven nor earn him fame. This state is considered unworthy of a warrior like him."
2,2,What does Krishna imply by stating that Arjuna's behavior is 'shunned by noble souls'?,"Krishna implies that the behavior Arjuna is exhibiting is not in line with the conduct of honorable and wise individuals. Noble souls act with clarity, purpose, and duty, whereas Arjuna's current state is contrary to these virtues."
2,2,How does Krishna's questioning of Arjuna relate to the concept of duty in life?,"Krishna's questioning of Arjuna highlights the importance of adhering to one's duty, despite personal emotions and confusion. It suggests that one's duty should be performed without being swayed by temporary infatuations or doubts. This teaching encourages focusing on actions aligned with righteousness and purpose."
2,3,"In Chapter 2, Verse 3, to whom is Krishna speaking when he mentions 'unmanliness'?",Krishna is speaking to Arjuna when he mentions 'unmanliness'.
2,3,"In Chapter 2, Verse 3, what does Krishna mean by 'yield not to unmanliness' in the context of this teaching on Arjuna?",Krishna is urging Arjuna not to succumb to weakness or cowardice. He emphasizes that such behavior is not fitting for someone of Arjuna's stature and encourages him to rise above these feelings.
2,3,Why does Krishna call Arjuna 'scorcher of enemies' in this teaching on Arjuna?,Krishna calls Arjuna 'scorcher of enemies' to remind him of his true nature and previous valor on the battlefield. This is meant to inspire Arjuna to overcome his current doubts and fears and to fulfill his duty as a warrior.
2,3,What is the significance of the phrase 'shaking off this paltry faint-heartedness' in Krishna's advice to Arjuna?,The phrase signifies that Krishna wants Arjuna to discard his current feelings of inadequacy and fear. Krishna considers these feelings trivial and urges Arjuna to regain his courage and determination to fight.
2,3,How does Krishna's advice to 'stand up' relate to the concept of duty in the Bhagavad Gita?,"Krishna's advice to 'stand up' is a call to action, emphasizing the importance of duty, or 'dharma'. In the Bhagavad Gita, fulfilling one's duty without attachment or fear is a central teaching. Krishna is encouraging Arjuna to fulfill his role as a warrior, which is his dharma."
2,4,"In Chapter 2, Verse 4, who does Arjuna express hesitation about fighting against?",Arjuna expresses hesitation about fighting against Bhishma and Drona.
2,4,Why does Arjuna refer to Bhishma and Drona as worthy of reverence in the battlefield?,"Arjuna refers to Bhishma and Drona as worthy of reverence because they are his elders and teachers. Bhishma is his great-grandfather and Drona is his teacher. Their roles in his life demand deep respect from Arjuna, making it difficult for him to see them as adversaries."
2,4,What does Arjuna's question to Krishna reveal about his inner conflict in this teaching on Arjuna?,Arjuna's question reveals his inner conflict between his duty as a warrior and his personal feelings of reverence towards Bhishma and Drona. He is torn between following his Kshatriya duty to fight and his emotional bonds with those he respects deeply.
2,4,"In Chapter 2, Verse 4, who is Arjuna addressing as 'Madhusudana' and 'Arisudana' in this conversation?","Arjuna is addressing Krishna as 'Madhusudana' and 'Arisudana'. These are appellations of Krishna, with 'Madhusudana' meaning the slayer of the demon Madhu, and 'Arisudana' meaning the destroyer of enemies."
2,4,What deeper meaning can be drawn from Arjuna's reluctance to fight Bhishma and Drona?,"The deeper meaning of Arjuna's reluctance highlights the moral and ethical dilemmas faced in life and the struggle between duty and personal values. It shows the challenge of acting with detachment, where one must transcend personal attachments and fulfill one's responsibilities while maintaining respect and honor for others."
2,5,Why does Arjuna consider living on alms better than killing his teachers?,"Arjuna believes that killing his revered teachers for material gains would lead to enjoyment tainted with guilt and bloodshed. He feels that living a life of alms, though materially less rewarding, would preserve his conscience and honor, as it avoids the grave sin of killing those he respects and owes his learning to."
2,5,what does Arjuna say about the consequences of killing his teachers?,"Arjuna expresses that if he were to kill his teachers, any wealth and pleasures he gains would be stained with their blood. He implies that such gains would be morally tainted, making them undesirable despite their material value."
2,5,"In Chapter 2, Verse 5, what philosophical dilemma is Arjuna facing when he mentions the blood-stained wealth?","Arjuna is grappling with the moral conflict between his duty as a warrior and his personal values. He questions the righteousness of achieving material success through unethical means, such as killing his respected teachers. This highlights the philosophical debate of ends versus means and the importance of ethical integrity in one's actions."
2,5,What does Arjuna mean by 'blood-stained wealth and pleasures'?,Arjuna refers to the idea that any wealth or pleasures obtained through the act of killing his revered teachers would be tainted with their blood. This metaphor signifies the moral corruption and guilt that would accompany any material benefits gained through such unethical actions.
2,5,"In Chapter 2, Verse 5, who is expressing the dilemma about killing teachers and why?","It is Arjuna who is expressing this dilemma. He is deeply troubled by the prospect of killing his teachers, whom he holds in high regard and reverence. Arjuna's internal conflict stems from his duty as a warrior to fight in the battle and his moral obligation to respect and honor his teachers, leading him to question the righteousness of his actions in the war."
2,6,who are described as standing in the enemy ranks?,"The verse describes the sons of Dhritarashtra as standing in the enemy ranks. They are the very individuals who are considered close to the speaker's side, yet are opposing them in battle."
2,6,what dilemma does the speaker express about fighting or not fighting in this teaching on Those?,"The speaker expresses uncertainty about whether it is better to fight or to avoid fighting. There is confusion about which choice is more beneficial or righteous, reflecting the deep internal conflict faced before engaging in battle."
2,6,"In Chapter 2, Verse 6, why does the speaker say they do not wish to live after killing the sons of Dhritarashtra?","The speaker feels such sorrow and moral conflict about fighting against their own kin that killing them would bring no joy or desire to continue living. This reveals the emotional and ethical burden of battling loved ones, emphasizing the tragic nature of war."
2,6,What philosophical conflict about victory and defeat is expressed in this teaching on Those?,The verse reflects the uncertainty of outcomes in conflict—neither victory nor defeat is assured or clearly preferable. It highlights the transient nature of success and failure and questions the value of either when the cost involves harm to one's own people.
2,6,"In Chapter 2, Verse 6, who is the speaker expressing the thoughts in this teaching on Those, and what is their emotional state?","The speaker is Arjuna, who is expressing deep confusion and sorrow before the battle. His emotional state is one of despair and moral uncertainty, as he struggles with the prospect of fighting against his own relatives and the ambiguous consequences of the war."
2,7,"In Chapter 2, Verse 7, who is the speaker expressing faint-heartedness and seeking instruction?","The speaker in this verse is Arjuna, who humbly admits his weakness and confusion about his duty. He openly acknowledges his faint-heartedness and surrenders himself as a disciple seeking guidance from Krishna, the divine teacher. This shows Arjuna's sincere desire for clarity and wisdom in the midst of his inner turmoil."
2,7,What does the phrase 'tainted by the vice of faint-heartedness' signify in this teaching on Duty?,"The phrase highlights Arjuna's admission of being overcome by fear, doubt, and hesitation, which cloud his judgment and resolve. It signifies the human vulnerability to emotional weakness, especially in moments of great moral and existential challenge. Recognizing this condition is the first step toward seeking true knowledge and courage."
2,7,Why does Arjuna describe his mind as 'puzzled with regard to duty' in this teaching on Duty?,"Arjuna's mind is confused because he is caught between conflicting emotions and duties—his loyalty to his kin and his responsibilities as a warrior. This inner conflict causes uncertainty about what action is truly righteous or beneficial. By expressing this confusion, he invites Krishna to provide a clear and definitive path forward."
2,7,How does this teaching on Duty illustrate the process of surrender and learning in spiritual practice?,"This verse exemplifies the humility required in spiritual growth, where one recognizes personal limitations and turns to a teacher for guidance. Arjuna's acceptance of himself as a disciple and his plea for instruction reflect surrendering ego and embracing openness. It teaches that seeking knowledge with a sincere heart is essential to overcome doubts and align with higher wisdom."
2,7,"What is the significance of Arjuna saying, 'I am Your disciple, Pray instruct me'?","Arjuna explicitly acknowledges his role as a disciple, indicating readiness to learn and transform. This declaration signifies trust and devotion towards Krishna as the teacher. It also marks a pivotal moment where Arjuna sets aside pride and confusion to receive teaching, highlighting the importance of humility and receptiveness in the learning process."
2,8,what does the speaker say about the sorrow of his senses?,"The speaker says that he does not see anything that can remove the sorrow of his senses. Despite experiencing many achievements, the sorrow caused by his senses remains unrelieved."
2,8,what worldly attainments does the speaker mention in this verse?,"The speaker mentions gaining the kingdom on earth, the wealth of the earth, and the lordship over the gods. These represent great worldly successes and power."
2,8,"In Chapter 2, Verse 8, why does the speaker feel that even attaining the lordship of the gods cannot remove his sorrow?",The speaker indicates that external achievements and material possessions cannot alleviate the deep sorrow of the senses. This suggests that true peace is not found through external gains but through inner realization or detachment.
2,8,"In Chapter 2, Verse 8, what is the significance of the phrase 'sorrow of my senses' in the context of this verse?","The 'sorrow of my senses' refers to the suffering caused by attachment, loss, and desires related to sensory experiences. It highlights the emotional pain that arises despite worldly success, pointing to the limits of sensory pleasure."
2,8,How does this verse reflect on the relationship between external achievements and internal peace?,"This verse teaches that external achievements such as kingdoms, wealth, and power, even over divine beings, cannot guarantee internal peace. It emphasizes the philosophical idea that true fulfillment comes from overcoming sensory sorrow rather than accumulating worldly gains."
2,9,"In Chapter 2, Verse 9, who is the speaker narrating Arjuna's words to Krishna?","The speaker is Sanjaya, who narrates the events of the battlefield to King Dhritarashtra. He describes Arjuna's words and actions, providing an external perspective on the dialogue between Arjuna and Krishna."
2,9,What exact words does Arjuna use to express his decision about fighting in this teaching on Sanjaya?,"Arjuna explicitly says to Krishna, 'I will not fight,' and then becomes silent. This shows his firm decision to refrain from participating in the battle at that moment."
2,9,How does Arjuna's behavior change after he tells Krishna he will not fight?,"After declaring that he will not fight, Arjuna becomes silent. This silence suggests a deep internal conflict and emotional turmoil, indicating that he is overwhelmed and unable to continue the conversation immediately."
2,9,Why might Arjuna choose to remain silent after saying he will not fight?,"Arjuna's silence likely reflects his inner struggle with the moral and emotional consequences of the battle. Having expressed his refusal to fight, he may feel conflicted, uncertain, or burdened by the gravity of his decision, leading to a pause for reflection or emotional processing."
2,9,What does Arjuna’s statement 'I will not fight' reveal about human hesitation in the face of duty and conflict?,"Arjuna’s statement reveals the natural human hesitation when confronted with difficult duties that challenge personal values and attachments. It shows how fear, compassion, and doubt can cause a person to question their responsibilities, highlighting the complexity of acting in accordance with dharma (righteous duty) amidst emotional turmoil."
2,10,"In Chapter 2, Verse 10, who is described as smiling and speaking to Arjuna?","The verse attributes the action to Sri Krishna, who is described as smiling and addressing Arjuna. This shows Krishna's composed and compassionate nature as he speaks to Arjuna amidst the turmoil of battle."
2,10,"In Chapter 2, Verse 10, what is the setting described in the verse where Krishna addresses Arjuna?","The setting is between two armies, indicating the battlefield before the great war. Arjuna is sorrowful, and Krishna speaks to him in this tense and emotional moment, highlighting the gravity of the situation."
2,10,Why might Krishna be smiling while addressing a sorrowing Arjuna between the two armies?,"Krishna's smile can be seen as a sign of reassurance and calmness in the face of Arjuna's despair. It suggests that Krishna understands a deeper truth and aims to uplift Arjuna's spirit, encouraging him to see beyond immediate sorrow."
2,10,What is the significance of Krishna speaking 'in the midst of the two armies' to Arjuna?,"This phrase emphasizes that Krishna's guidance comes at the crucial moment of conflict. It symbolizes the presence of divine counsel even in the chaos of war, reminding us that wisdom and clarity can arise amid confusion and fear."
2,10,How does Krishna's approach to Arjuna's sorrow in this teaching on Krishna illustrate a teaching about dealing with grief or doubt?,"Krishna's gentle and smiling speech amidst sorrow teaches that one can face grief with composure and hope. It encourages cultivating a balanced mind, seeing beyond immediate emotional pain to a broader perspective where challenges can be met with courage and understanding."
2,11,"In Chapter 2, Verse 11, who is addressing Arjuna and what is the main message given?","In this verse, Sri Bhagavan, referring to Lord Krishna, is addressing Arjuna. The main message is that Arjuna is grieving over those who should not be grieved for, and Krishna points out that wise people do not sorrow over the living or the dead. This sets the tone for encouraging detachment and understanding of the eternal nature of the soul."
2,11,"According to the verse, who does Arjuna grieve over and why does Krishna say this is mistaken?","Arjuna grieves over those who have passed away (the dead) and those who are still alive, but Krishna says this is mistaken because such grief is unnecessary. The wise do not sorrow over the living or the dead, as they understand the deeper reality of life and death beyond mere physical existence."
2,11,What does the phrase 'wise men do not sorrow over the dead or the living' imply about the nature of grief in this teaching on Arjuna?,"This phrase implies that true wisdom involves recognizing the impermanence of the physical body and the eternal nature of the soul. Grief arises from attachment to the body, but the wise see beyond this and do not get emotionally disturbed by life or death, understanding them as transient states."
2,11,How does this teaching on Arjuna guide one to manage emotional suffering caused by loss or separation?,"The verse guides us to cultivate detachment and to view life and death with equanimity. By realizing that the soul is eternal and beyond birth and death, one can lessen emotional suffering. Practical steps include reflecting on the nature of the soul, practicing mindfulness of impermanence, and adopting a balanced attitude toward all experiences."
2,11,Why might Krishna say that Arjuna speaks 'like the learned' yet still grieves incorrectly?,"Krishna acknowledges that Arjuna uses learned words and expresses sorrow in a way that seems wise, but his attachment blinds him to the deeper truth. This suggests that intellectual knowledge alone is insufficient; true wisdom requires internalizing spiritual truths and overcoming emotional attachments to experience peace."
2,12,"In Chapter 2, Verse 12, what does Krishna say about the existence of himself, Arjuna, and the kings in the past?","Krishna states that there never was a time when he, Arjuna, or these kings did not exist. This emphasizes the eternal nature of the soul or self, which transcends physical birth and death."
2,12,What is the significance of Krishna saying 'Nor is it a fact that hereafter we shall all cease to be' in this verse?,"This statement implies that the soul or true self is eternal and does not perish after death. It reassures that life continues beyond physical forms, encouraging detachment from fear of death and loss."
2,12,How can one understand the idea of never having 'not been' in relation to personal identity and existence?,"This suggests that the essence of our being is timeless and continuous, beyond the changes of body and mind. It invites reflection on one's deeper self as unchanging and eternal, beyond temporary circumstances."
2,12,"What philosophical concept does Krishna convey by saying that neither he, Arjuna, nor the kings ever truly cease to exist?",Krishna conveys the concept of the eternal soul (Ātman) that is indestructible and beyond the cycles of birth and death. This affirms the non-dualistic understanding that life is a continuous process where the soul remains constant despite physical transformations.
2,12,"In Chapter 2, Verse 12, who is the speaker of the verse that declares the eternal existence of self and others, and why is this significant?","Krishna is the speaker, imparting this wisdom to Arjuna. His role as a divine teacher giving this assurance highlights the spiritual truth about the nature of existence, serving to alleviate Arjuna's doubts and fears about mortality and war."
2,13,"In Chapter 2, Verse 13, what stages of life are mentioned as experienced by the soul through the body?","The verse mentions boyhood, youth, and old age as the stages experienced by the soul through the body. These stages symbolize the transient phases the soul undergoes within its current physical form."
2,13,What does the verse imply about the soul's relationship to different bodies?,"The verse implies that just as the soul experiences various stages of life in one body, it also moves on to attain another body after the current one. This highlights the soul's continual journey beyond a single physical existence."
2,13,Why does the verse say that the wise man does not get deluded about the soul's changing bodies?,"The wise man understands the impermanent nature of the physical body and recognizes the soul as eternal. Because of this insight, he remains steady and undisturbed, not confused or distressed by the body's changes or transitions."
2,13,How can understanding the soul's transition from one body to another affect one's approach to life and death?,"Recognizing that the soul continues beyond the death of one body can reduce fear of death and attachment to the physical form. It encourages living with equanimity, focusing on the eternal self rather than temporary bodily conditions, fostering inner peace and resilience."
2,13,"In Chapter 2, Verse 13, who is conveying the truth about the soul's passage through boyhood, youth, old age, and into another body in this teaching on Just?","In this verse, Lord Krishna imparts this knowledge to Arjuna during the Bhagavad Gita discourse. He explains the nature of the soul and the cycle of life and death, guiding Arjuna toward spiritual wisdom."
